Branch,Transactions,Total_Sales,Avg_Sales,Median_Sales,Avg_Rating,Revenue_Share_%
Brooklyn,1793,319705.48,178.30757389849413,103.6,6.87133296151701,33.919391740350605
Queens,1555,312842.82,201.18509324758844,115.89000000000001,6.871189710610933,33.19129270081949
Manhattan,1705,309996.55,181.81615835777126,109.08,6.909090909090909,32.8893155588299
