Customer type,Transactions,Total_Sales,Avg_Sales,Median_Sales,Avg_Rating
Member,2085,436368.17,209.2892901678657,133.15,6.872230215827338
Normal,2968,506176.68,170.54470350404313,96.58,6.892318059299192
