Payment,Transactions,Total_Sales,Avg_Sales,Median_Sales
Cash,1674,304622.65,181.97290919952212,99.0
Credit card,1594,311230.89,195.25149937264743,116.325
Ewallet,1785,326691.31,183.0203417366947,108.74
