test,statistic,p_value
Kruskal-Wallis,7.333407648028434,0.025560583425379906
