metric,value
Pearson_r,-0.05410694039480475
Pearson_p,0.00011907162324323558
Spearman_rho,-0.062447843170827376
Spearman_p,8.899874073706806e-06
OLS_slope,-6.33361461200408
OLS_intercept,230.13252212122737
