Product line,Transactions,Avg_Rating,Median_Rating,Rating_SD
Food & Beverages,1670,7.084191616766467,7.3,1.6415264671671326
Health & Beauty,958,6.867327766179541,7.0,1.6818122779386242
Electronics,465,6.82258064516129,6.8,1.8308732272316262
Home & Lifestyle,708,6.779378531073447,7.0,1.7043329947330972
Sports & Travel,576,6.728993055555556,6.8,1.7770350567715782
Fashion & Accs,676,6.697189349112426,6.8,1.7357609750804734
