test,statistic,p_value
Kruskal-Wallis,42.67135298873464,4.307424656407555e-08
