Gender,Electronics,Fashion & Accs,Food & Beverages,Health & Beauty,Home & Lifestyle,Sports & Travel
Female,16.08231736550352,11.065138825792827,17.300528070154964,15.361707777461241,22.427233979283745,17.76307398180369
Male,17.779149353325415,10.523555970019839,14.712519673661106,20.618324000260582,19.304564775698438,17.06188622703463
