Gender,Transactions,Total_Sales,Avg_Sales,Median_Sales,Avg_Rating
Female,2603,490169.72,188.30953515174798,111.82,6.884402612370342
Male,2450,452375.13,184.64291020408163,106.84,6.883632653061225
