metric,value
mean,186.53173362358993
median,109.60000000000001
std,200.1966967646809
min,2.18
max,993.0
skewness,1.5568503889139835
