quantile,sales_value
0.25,38.52
0.5,109.60000000000001
0.75,266.56
0.9,486.64
0.95,633.4519999999989
0.99,845.8607999999998
