Product line,Total_Sales,Revenue_Share_%,Avg_Rating,Revenue_Rank,Rating_Rank
Home & Lifestyle,197260.56,20.92850647902856,6.779378531073447,1,4
Health & Beauty,168570.61,17.884624800612936,6.867327766179541,2,2
Sports & Travel,164252.94,17.426538376396625,6.728993055555556,3,5
Electronics,159259.1,16.89671319088954,6.82258064516129,4,3
Food & Beverages,151357.73,16.058411437927862,7.084191616766467,5,1
Fashion & Accs,101843.91,10.805205715144483,6.697189349112426,6,6
